{
  "IsEncrypted": false,
  "Values": {
    "FUNCTIONS_EXTENSION_VERSION": "~1",
    "ScmType": "None",
    "WEBSITE_AUTH_ENABLED": "False",
    "AzureWebJobsDashboard": "DefaultEndpointsProtocol=https;AccountName=functionmechast909c;AccountKey=gpm1aUCJmGVIBboI7HaMPU/Ss8BM1J6nyCkTevfutVW/kjl9ah5TX+YiCV/QLTLhRKU4uzvTWWASKJO2I/MEQg==",
    "WEBSITE_NODE_DEFAULT_VERSION": "6.5.0",
    "WEBSITE_CONTENTAZUREFILECONNECTIONSTRING": "DefaultEndpointsProtocol=https;AccountName=functionmechast909c;AccountKey=gpm1aUCJmGVIBboI7HaMPU/Ss8BM1J6nyCkTevfutVW/kjl9ah5TX+YiCV/QLTLhRKU4uzvTWWASKJO2I/MEQg==",
    "WEBSITE_CONTENTSHARE": "function-mechastart909c",
    "WEBSITE_SITE_NAME": "function-MechaStart",
    "WEBSITE_SLOT_NAME": "Production",
    "AzureWebJobsStorage": "DefaultEndpointsProtocol=https;AccountName=functionmechast909c;AccountKey=gpm1aUCJmGVIBboI7HaMPU/Ss8BM1J6nyCkTevfutVW/kjl9ah5TX+YiCV/QLTLhRKU4uzvTWWASKJO2I/MEQg=="
  }
}